<?xml version="1.0"?>
<Runs Version="1" Minor="0">
	<Run Id="design_1_processing_system7_0_0_synth_1" LaunchDir="/home/carljohnsen/vivado/md5_jonas_jacob/md5_jonas_jacob.runs/design_1_processing_system7_0_0_synth_1" FlowId="Vivado_Synthesis" FromStepId="vivado" ToStepId="vivado"/>
	<Run Id="design_1_auto_pc_0_synth_1" LaunchDir="/home/carljohnsen/vivado/md5_jonas_jacob/md5_jonas_jacob.runs/design_1_auto_pc_0_synth_1" FlowId="Vivado_Synthesis" FromStepId="vivado" ToStepId="vivado"/>
	<Run Id="design_1_rst_clk_wiz_100M_0_synth_1" LaunchDir="/home/carljohnsen/vivado/md5_jonas_jacob/md5_jonas_jacob.runs/design_1_rst_clk_wiz_100M_0_synth_1" FlowId="Vivado_Synthesis" FromStepId="vivado" ToStepId="vivado"/>
	<Run Id="design_1_MD5_export_0_0_synth_1" LaunchDir="/home/carljohnsen/vivado/md5_jonas_jacob/md5_jonas_jacob.runs/design_1_MD5_export_0_0_synth_1" FlowId="Vivado_Synthesis" FromStepId="vivado" ToStepId="vivado"/>
	<Run Id="design_1_clk_wiz_0_synth_1" LaunchDir="/home/carljohnsen/vivado/md5_jonas_jacob/md5_jonas_jacob.runs/design_1_clk_wiz_0_synth_1" FlowId="Vivado_Synthesis" FromStepId="vivado" ToStepId="vivado"/>
	<Run Id="design_1_rst_ps7_0_100M_0_synth_1" LaunchDir="/home/carljohnsen/vivado/md5_jonas_jacob/md5_jonas_jacob.runs/design_1_rst_ps7_0_100M_0_synth_1" FlowId="Vivado_Synthesis" FromStepId="vivado" ToStepId="vivado" IsOrderedIPRun="true">
		<Parent Id="design_1_rst_clk_wiz_100M_0_synth_1"/>
	</Run>
	<Run Id="design_1_auto_cc_0_synth_1" LaunchDir="/home/carljohnsen/vivado/md5_jonas_jacob/md5_jonas_jacob.runs/design_1_auto_cc_0_synth_1" FlowId="Vivado_Synthesis" FromStepId="vivado" ToStepId="vivado"/>
	<Run Id="design_1_md5_jj_0_0_synth_1" LaunchDir="/home/carljohnsen/vivado/md5_jonas_jacob/md5_jonas_jacob.runs/design_1_md5_jj_0_0_synth_1" FlowId="Vivado_Synthesis" FromStepId="vivado" ToStepId="vivado"/>
	<Run Id="synth_1" LaunchDir="/home/carljohnsen/vivado/md5_jonas_jacob/md5_jonas_jacob.runs/synth_1" FlowId="Vivado_Synthesis" FromStepId="vivado" ToStepId="vivado">
		<Parent Id="design_1_processing_system7_0_0_synth_1"/>
		<Parent Id="design_1_auto_pc_0_synth_1"/>
		<Parent Id="design_1_rst_clk_wiz_100M_0_synth_1"/>
		<Parent Id="design_1_MD5_export_0_0_synth_1"/>
		<Parent Id="design_1_clk_wiz_0_synth_1"/>
		<Parent Id="design_1_rst_ps7_0_100M_0_synth_1"/>
		<Parent Id="design_1_auto_cc_0_synth_1"/>
		<Parent Id="design_1_md5_jj_0_0_synth_1"/>
	</Run>
	<Parameters>
		<Parameter Name="runs.monitorLSFJobs" Val="true" Type="bool"/>
		<Parameter Name="runs.enableClusterConf" Val="true" Type="bool"/>
	</Parameters>
</Runs>

